{"cameraMode":{"drawMode":0,"name":"Shaded","section":"Shading Mode"},"sceneLighting":true,"audioPlay":false,"sceneViewState":{"showFog":true,"showMaterialUpdate":true,"showSkybox":true,"showFlares":true,"showImageEffects":true,"showParticleSystems":true},"in2DMode":false,"pivot":{"x":-1.7112431526184083,"y":-0.18693315982818604,"z":-0.7629499435424805},"rotation":{"x":0.041701290756464007,"y":-0.9581711292266846,"z":0.20731085538864137,"w":0.19285081326961518},"size":3.6309690475463869,"orthographic":false}