{"cameraMode":{"drawMode":0,"name":"Shaded","section":"Shading Mode"},"sceneLighting":false,"audioPlay":false,"sceneViewState":{"showFog":true,"showMaterialUpdate":true,"showSkybox":true,"showFlares":true,"showImageEffects":true,"showParticleSystems":true},"in2DMode":false,"pivot":{"x":0.1647937297821045,"y":0.45923978090286257,"z":-17.019033432006837},"rotation":{"x":0.05094326660037041,"y":0.5601212382316589,"z":-0.03451225534081459,"w":0.8261221647262573},"size":1.399444818496704,"orthographic":false}